,SONG_ID,SONG_TITLE,happy,sad,relaxed,angry,pred
0,9270,매직 카펫 라이드,0.51357055,0.0044979667,0.32687512,0.15505646,0
1,19807,벌써 일년,0.0026715838,0.2702588,0.72098976,0.006079878,2
2,32616,3!4!,0.4425985,0.09844416,0.4492523,0.009705119,2
3,33133,DOC와 춤을,0.82476825,0.0060224454,0.07796193,0.09124774,0
4,70696,취중진담(醉中眞談),0.008707301,0.3763021,0.61246103,0.0025293308,2
5,81013,커플,0.59061736,0.0496494,0.29146,0.0682733,0
6,85257,바꿔,0.8092285,0.009529413,0.14362426,0.03761776,0
7,85258,와,0.55589616,0.04856812,0.07027387,0.32526183,0
8,87048,땡벌,0.61660707,0.03306751,0.20107627,0.14924918,0
9,105014,제주도 푸른밤,0.01398354,0.17005453,0.81162006,0.0043417998,2
10,105187,J에게,0.017333172,0.58870333,0.28035003,0.113613464,1
11,111209,다시 사랑한다 말할까,0.029490292,0.35479724,0.5831861,0.032526415,2
12,420534,체념,0.046530865,0.67221045,0.23857857,0.042680096,1
13,437205,애정표현,0.46440196,0.002784739,0.13100594,0.4018075,0
14,450190,우연,0.64302915,0.012563709,0.2744678,0.06993943,0
15,454476,하늘을 달리다,0.484804,0.05789307,0.19283502,0.26446798,0
16,460396,소주 한 잔,0.041667834,0.63067055,0.14866647,0.17899503,1
17,503339,파도,0.598591,0.019495118,0.1409969,0.24091668,0
18,504784,바다의 왕자,0.6721565,0.1309098,0.10434313,0.09259054,0
19,505376,이별택시,0.017975071,0.5898918,0.3595704,0.032562826,1
20,623902,눈의 꽃,0.016916208,0.73162127,0.10842806,0.14303444,1
21,732516,나에게로 떠나는 여행,0.3561,0.04046553,0.35438406,0.24905044,0
22,732519,가시,0.09888393,0.39867154,0.13041323,0.37203118,1
23,837567,사랑했나봐,0.059242513,0.120822415,0.77668506,0.04324998,2
24,845586,I Love U Oh Thank U (Feat. 김태우 Of God),0.11598179,0.18546359,0.6324252,0.06612944,2
25,866705,제자리 걸음,0.33788735,0.37147236,0.24458048,0.046059802,1
26,866710,사랑스러워,0.06256511,0.07937596,0.78718144,0.070877194,2
27,905857,세글자 (드라마 '루루공주' 김정은 메인 테마),0.20592587,0.30399925,0.44837534,0.04169939,2
28,1086472,겁쟁이,0.042249564,0.5839032,0.050210427,0.32363686,1
29,1114180,술이야,0.047788866,0.75476485,0.16065742,0.036789,1
30,1177475,남자를 몰라,0.077365756,0.3092527,0.07750788,0.53587353,3
31,1322134,연예인,0.53862625,0.019826012,0.035454202,0.4060936,0
32,1325050,비행기,0.8658409,0.009524285,0.028012032,0.09662303,0
33,1459456,흰눈,0.0240298,0.7380888,0.107823685,0.13005766,1
34,1459885,풍선 (Balloons),0.586845,0.0717821,0.19348955,0.14788319,0
35,1500179,Timeless,0.07353461,0.4024663,0.44271615,0.081282966,2
36,1525533,Maria,0.41361406,0.0102807665,0.2773936,0.2987115,0
37,1552159,유행가,0.56702626,0.010374062,0.39930016,0.023299599,0
38,1563237,미인 (美人),0.036284883,0.5963319,0.1770364,0.19034673,1
39,1592995,비밀번호 486,0.32890245,0.025464974,0.16121717,0.48441526,3
40,1604553,황진이,0.76530623,0.006903216,0.029307019,0.1984838,0
41,1754584,혜성,0.35210404,0.09536736,0.16401215,0.38851643,3
42,1773263,그녀를 찾아주세요,0.032408554,0.60036427,0.31714055,0.050086558,1
43,1846941,바보에게... 바보가,0.010058504,0.82684207,0.11068601,0.05241344,1
44,1870571,여행을 떠나요,0.44751796,0.06998199,0.16916405,0.31333598,0
45,1907619,Orange Road,0.77392113,0.00706121,0.08586658,0.13315092,0
46,1951550,붉은 노을,0.48704702,0.042701203,0.419159,0.051092874,0
47,2100540,"쏘리 쏘리 (Sorry, Sorry)",0.859452,0.024712322,0.0864601,0.029375637,0
48,2117748,Lollipop,0.7583505,0.0037513322,0.23194325,0.005954876,0
49,2203097,소원을 말해봐 (Genie),0.520971,0.027261242,0.41727436,0.034493398,0
50,2212593,Moai,0.20731519,0.0223256,0.6372268,0.1331323,2
51,2223049,Supermagic,0.7012733,0.031925507,0.1859937,0.080807425,0
52,2258761,Heartbreaker,0.8991053,0.0007040909,0.06799672,0.032193996,0
53,2276194,사랑비,0.5741848,0.12850454,0.24699628,0.050314385,0
54,2320988,Ring Ding Dong,0.31572255,0.0038216424,0.6579526,0.022503097,2
55,2334774,그 놈 목소리,0.96989465,0.000164292,0.014689061,0.015252096,0
56,2523766,술 한잔 해요,0.052561123,0.5673457,0.21592253,0.16417065,1
57,2544949,못해 (Feat. 美),0.106615596,0.5529091,0.19012748,0.15034792,1
58,2650367,형 (兄),0.062841535,0.512887,0.092877656,0.33139375,1
59,2682148,별이될께,0.24069268,0.13646244,0.5298669,0.09297789,2
60,2793050,아메리카노,0.47632048,0.012308232,0.1690695,0.34230155,0
61,2952162,Lucifer,0.6941786,0.015506823,0.058833417,0.23148128,0
62,3051244,좋은 날,0.45212847,0.14762206,0.13634613,0.26390347,0
63,3053259,미리 메리 크리스마스 (Feat. 천둥 Of MBLAQ),0.29031128,0.16206552,0.3876964,0.1599268,2
64,3089448,샤이보이,0.88401175,0.035022344,0.034253214,0.04671258,0
65,3136472,사랑은 은하수 다방에서,0.011581386,0.030353175,0.94755334,0.010512048,2
66,3441132,내 손을 잡아,0.10435954,0.17510943,0.65982395,0.060707305,2
67,3536905,안녕이라고 말하지마,0.08574123,0.32784125,0.32571015,0.26070738,1
68,3617512,무조건,0.6323046,0.0057657463,0.16236429,0.19956508,0
69,3620493,안아줘,0.011793842,0.64314324,0.29763642,0.047426533,1
70,3625504,너랑 나,0.3717647,0.17143647,0.41005135,0.046747554,2
71,3753304,벚꽃 엔딩,0.0039614583,0.5255317,0.46597534,0.0045315693,1
72,3774877,애상,0.033635035,0.117943235,0.8267108,0.021710945,2
73,3795586,하루 끝,0.41692558,0.08689892,0.1705116,0.32566392,0
74,3820630,Supa Dupa Diva,0.6740762,0.03491251,0.19821556,0.092795625,0
75,3910821,바람기억,0.022109764,0.79620117,0.07101428,0.110674754,1
76,4016085,신촌을 못가,0.029994672,0.67744404,0.14623117,0.14632995,1
77,4085875,GENTLEMAN,0.8071172,0.0019970278,0.0966174,0.09426823,0
78,4115517,편지,0.042545293,0.38913724,0.5123822,0.055935256,2
79,4152253,여자 대통령,0.5432691,0.04264486,0.36003986,0.05404621,0
80,4152254,기대해,0.72216904,0.03089911,0.15426381,0.09266801,0
81,4152260,반짝반짝,0.8305912,0.047195975,0.02588696,0.09632575,0
82,4182990,아모르 파티,0.56055224,0.0056673526,0.41212115,0.021659072,0
83,4268435,분홍신,0.49479932,0.12203329,0.12471071,0.25845677,0
84,4276080,"스물다섯, 스물하나",0.03584623,0.44882756,0.13140565,0.3839205,1
85,4369827,금요일에 만나요 (Feat. 장이정 Of HISTORY),0.06590761,0.13705248,0.7242333,0.07280672,2
86,4446485,너의 모든 순간,0.022073172,0.6318504,0.29967874,0.046397623,1
87,4451155,겨울을 걷는다,0.015963014,0.19803119,0.77609533,0.009910769,2
88,4543502,야생화,0.031963486,0.72469,0.16790114,0.07544553,1
89,4579468,봄 사랑 벚꽃 말고,0.08601509,0.18316023,0.7018316,0.02899322,2
90,4633162,중독 (Overdose),0.5208641,0.041209992,0.34239337,0.09553251,0
91,4638118,내 나이가 어때서,0.49011156,0.047808528,0.2346948,0.22738515,0
92,4646588,꿍따리 샤바라 (Feat. 클론),0.003198049,0.18429989,0.8120025,0.0004997933,2
93,4671151,"눈, 코, 입",0.07972541,0.55668366,0.21029362,0.15329732,1
94,4756304,Touch My Body,0.75845397,0.05481115,0.101024464,0.08571047,0
95,4764928,HER,0.8379481,0.0054293247,0.11275117,0.043871332,0
96,4833735,"안녕,우주",0.03955067,0.65336317,0.282312,0.02477416,1
97,5398990,이 소설의 끝을 다시 써보려 해,0.07322547,0.5601307,0.18659618,0.18004762,1
98,5466962,스토커,0.015407946,0.7663029,0.122898676,0.09539056,1
99,5531227,화 (Feat. 진실 Of Mad Soul Child) (Fire),0.20839818,0.110689215,0.611246,0.069666564,2
100,5546489,유리구슬 (Glass Bead),0.506363,0.10169901,0.24489458,0.14704347,0
101,5629148,Ice Cream Cake,0.9086184,0.0032371564,0.049787775,0.038356602,0
102,5650848,오르막길,0.019975414,0.59494394,0.2916068,0.09347384,1
103,5658708,어머님이 누구니 (Feat. 제시),0.50602347,0.079486765,0.39135715,0.023132566,0
104,5660045,위아래,0.84676635,0.0046074167,0.09817278,0.05045342,0
105,5663983,사랑에 빠지고 싶다,0.008767653,0.8784683,0.09487414,0.017889885,1
106,5681153,I NEED U,0.58120847,0.17057052,0.11743773,0.13078313,0
107,5681156,쩔어,0.8028282,0.033921503,0.09105958,0.07219072,0
108,5711530,우연히 봄 (Acoustic Ver.),0.06647338,0.27050778,0.64833385,0.014684976,2
109,5719286,뱅뱅뱅 (BANG BANG BANG),0.75837123,0.03493742,0.1282151,0.07847646,0
110,5743804,음오아예 (Um Oh Ah Yeh),0.6403164,0.065255515,0.24940547,0.04502254,0
111,5748406,심쿵해 (Heart Attack),0.8355311,0.0072047994,0.052187927,0.10507636,0
112,5748499,SHAKE IT,0.93796974,0.0008899107,0.054165963,0.0069744666,0
113,5765887,만약에 말야 (화생방실 클레오파트라) (Bonus Track),0.02975587,0.68517715,0.19832902,0.08673779,1
114,5767424,링마벨 (Ring My Bell),0.6748065,0.016090104,0.23702712,0.07207624,0
115,5791706,오늘부터 우리는 (Me Gustas Tu),0.5589422,0.053705756,0.18277918,0.20457284,0
116,5820368,Lion Heart,0.5126451,0.014165143,0.42098844,0.052201193,0
117,5826447,겁 (Feat. 태양),0.42935485,0.16979806,0.3525873,0.048259817,0
118,5835766,Okey Dokey,0.60645,0.10864907,0.22618908,0.05871176,0
119,7847861,Dumb Dumb,0.9441278,0.014718962,0.016489562,0.024663419,0
120,7861392,또 다시 사랑,0.07362622,0.39934775,0.23851188,0.28851396,1
121,7870472,Ah-Choo,0.45134938,0.17717858,0.083296925,0.2881751,0
122,7891119,OOH-AHH하게,0.66781735,0.22686407,0.014350456,0.09096816,0
123,7921208,걱정말아요 그대,0.006287924,0.54221576,0.43020165,0.021294639,1
124,7935505,응급실,0.030383043,0.6869149,0.24079323,0.041908942,1
125,7948056,고칠게,0.002667491,0.94152814,0.041842878,0.013961613,1
126,7978970,Heaven,0.06751835,0.41752768,0.33461833,0.18033569,1
127,7997136,당돌한 여자,0.069528855,0.34723938,0.5604593,0.022772448,2
128,8003787,이미 슬픈 사랑,0.013747657,0.79217196,0.1885111,0.005569424,1
129,8022126,사랑인걸,0.49791887,0.27205065,0.16178726,0.06824306,0
130,8026845,소녀,0.027150786,0.71865535,0.23328167,0.020912178,1
131,8050531,오늘은 가지마 (작년에 왔던 각설이),0.023467029,0.68509907,0.09364471,0.19778909,1
132,8124417,봄이 좋냐??,0.0051081046,0.11601898,0.87879103,8.185015e-05,2
133,8130796,상상더하기,0.4427932,0.050675973,0.18889627,0.31763452,0
134,8141272,제주도의 푸른 밤,0.004604254,0.18050495,0.81376004,0.0011308306,2
135,8147688,슬피 우는 새 (Feat. 이수영),0.040540785,0.22109672,0.6907735,0.047588967,2
136,8151530,나비무덤,0.020054063,0.46077,0.50558716,0.013588779,2
137,8158015,Destiny (나의 지구),0.5475404,0.012571418,0.26819667,0.17169149,0
138,8158031,CHEER UP,0.78249013,0.0673321,0.09208487,0.058092598,0
139,8167307,불타오르네 (FIRE),0.67973304,0.066357225,0.14478004,0.10912964,0
140,8195416,다시 사랑한다면,0.004240193,0.73526615,0.2468899,0.0136038,1
141,8233340,어떻게 사랑이 그래요,0.08723025,0.5473975,0.1418119,0.22356018,1
142,8252569,사랑은 늘 도망가 (로맨틱 흑기사),0.005552477,0.8496358,0.13664895,0.0081626475,1
143,8290872,한여름의 크리스마스,0.017098136,0.42628458,0.5311038,0.025513645,2
144,8308231,puzzle,0.62219644,0.012769752,0.34885257,0.01618119,0
145,9614761,그대라는 사치,0.040076483,0.6753472,0.15976267,0.124813415,1
146,9631530,내가 저지른 사랑,0.12521677,0.3197234,0.30875206,0.2463079,1
147,9634954,러시안 룰렛 (Russian Roulette),0.8247612,0.02463975,0.080743596,0.069855504,0
148,30029173,피 땀 눈물,0.61713696,0.14742829,0.07695095,0.15848397,0
149,30040810,너무너무너무,0.2865551,0.029295182,0.63744146,0.046708323,2
150,30069773,불장난,0.5226646,0.05809408,0.39786366,0.021377502,0
151,30105590,꽃길 (Prod. By ZICO),0.011603373,0.87242347,0.11332018,0.0026528917,1
152,30117119,홍연,0.1047067,0.42178375,0.21086378,0.26264578,1
153,30147451,뱅뱅뱅 (BANG BANG BANG),0.7174543,0.038524322,0.16927224,0.074749134,0
154,30181278,오랜 날 오랜 밤,0.087563366,0.43267313,0.25092816,0.22883536,1
155,30210385,고속도로 로맨스,0.39980814,0.020780133,0.07904874,0.50036293,3
156,30261007,KNOCK KNOCK,0.87234646,0.0012667589,0.10787334,0.01851353,0
157,30286429,MOVIE,0.41922405,0.16943209,0.34207213,0.06927159,0
158,30294022,나야 나 (PICK ME),0.0320831,0.7151747,0.18268119,0.070060946,1
159,30310862,얼굴 찌푸리지 말아요,0.69699246,0.08512849,0.07454417,0.14333503,0
160,30314784,밤편지,0.0060232435,0.7888531,0.20076415,0.0043595657,1
161,30341745,REALLY REALLY,0.3487258,0.039155874,0.57886606,0.033252273,2
162,30378156,팔레트 (Feat. G-DRAGON),0.035385784,0.07617313,0.8859308,0.0025102703,2
163,30467550,매일 듣는 노래 (A Daily Song),0.038879145,0.61415344,0.26979223,0.077175185,1
164,30486509,좋니,0.12653618,0.37581873,0.1055863,0.3920585,3
165,30488202,나로 말할 것 같으면 (Yes I am),0.62975276,0.025345461,0.30505577,0.039846104,0
166,30512671,빨간 맛 (Red Flavor),0.6999867,0.11325035,0.114832655,0.07193033,0
167,30514366,선물,0.024611618,0.2367629,0.70446116,0.034164492,2
168,30536155,DINOSAUR,0.18755767,0.15801938,0.589674,0.06474886,2
169,30587846,가시나,0.5976765,0.28427428,0.04328172,0.07476755,0
170,30601119,"진자 (ZINZA) (Feat. YDG, 수란)",0.26261017,0.36780527,0.32542208,0.044162475,1
171,30613202,시차 (We Are) (Feat. 로꼬 & GRAY),0.22722036,0.0859662,0.4691711,0.21764226,2
172,30637982,DNA,0.45014054,0.1422123,0.2398268,0.1678204,0
173,30659632,샤방샤방,0.7806728,0.0012702352,0.11296041,0.10509624,0
174,30721801,My Way,0.051797554,0.5862849,0.2119459,0.14997172,1
175,30736437,피카부 (Peek-A-Boo),0.38602716,0.2065052,0.36884603,0.038621504,0
176,30781692,"도박 (Life Is a Gamble) Remix (Feat. pH-1, Sik-K, Double K)",0.50529426,0.06102929,0.3965108,0.03716593,0
177,30816860,뿜뿜,0.8594638,0.013091689,0.09593693,0.03150744,0
178,30844118,Roller Coaster,0.37519315,0.124882445,0.304766,0.19515824,0
179,30928006,중2 수학은 이걸로 끝났다,0.63561267,0.054946724,0.19408739,0.1153532,0
180,30974156,어린 왕자 (Prod. Godic),0.49076092,0.06155007,0.41517642,0.03251262,0
181,30974158,"Like It (Feat. 행주, 보이비)",0.48425993,0.20463507,0.28931633,0.021788491,0
182,31019584,붕붕 (Feat. 식케이) (Prod. GroovyRoom),0.37817144,0.06554954,0.47421172,0.08206742,2
183,31031208,백만송이 장미,0.028473599,0.49042037,0.46357647,0.017529638,1
184,31062863,열애중,0.041901954,0.61033005,0.30875403,0.039014097,1
185,31085237,FAKE LOVE,0.5313243,0.26180416,0.04212557,0.16474591,0
186,31104207,소주한잔,0.010372039,0.76177084,0.17926918,0.04858783,1
187,31131273,뚜두뚜두 (DDU-DU DDU-DU),0.645688,0.04368553,0.13368809,0.17693861,0
188,31151836,Way Back Home,0.0348693,0.034139086,0.9157164,0.015275202,2
189,31266297,DNA,0.45014054,0.1422123,0.2398268,0.1678204,0
190,31304766,이별하러 가는 길,0.05676887,0.49310675,0.20727183,0.24285261,1
191,31314144,가을 타나 봐,0.019754909,0.2758833,0.698299,0.0060627526,2
192,31324607,사랑에 연습이 있었다면 (Prod. 2soo),0.024831919,0.6299452,0.254587,0.09063584,1
193,31373277,내 생에 아름다운,0.021693511,0.7913195,0.07146279,0.11552443,1
194,31388145,너를 만나,0.019649105,0.6859023,0.25085804,0.043590453,1
195,31417871,SOLO,0.094349034,0.052718427,0.84926766,0.0036650407,2
196,31448480,아낙네,0.5914791,0.19413573,0.07425694,0.14012814,0
197,31479002,살기 위해서,0.048167437,0.47655356,0.32096544,0.15431355,1
198,31532643,넘쳐흘러,0.0875273,0.626304,0.16840065,0.11776802,1
199,31565982,여수밤바다,0.008424312,0.41577867,0.53609645,0.039700653,2
200,31583086,죽일 놈 (Guilty),0.055598825,0.61127514,0.11112065,0.22200544,1
201,31608765,멍청이(twit),0.63284063,0.23142374,0.08909582,0.046639856,0
202,31640914,편지,0.009811699,0.8792984,0.10059811,0.010291795,1
203,31651955,"힙합 꼰대 (Feat. CHANGMO, 김효은, Los, Deepflow, 넉살, 영비, Double K, Snacky Chan, Junoflo, pyunny)",0.031013994,0.021297766,0.9467233,0.00096528686,2
204,31668491,고고베베 (gogobebe),0.401618,0.046055563,0.5295563,0.022770006,2
205,31691453,안녕이라는 말,0.04396245,0.6523054,0.19459097,0.109141104,1
206,31703498,시든 꽃에 물을 주듯,0.068487324,0.6360997,0.19626085,0.09915209,1
207,31737197,작은 것들을 위한 시 (Boy With Luv) (Feat. Halsey),0.62369514,0.084021084,0.27044806,0.021835826,0
208,31829536,사랑이 식었다고 말해도 돼,0.051918056,0.6167366,0.17142873,0.15991688,1
209,31853557,오늘도 빛나는 너에게 (To You My Light) (Feat.이라온),0.041687477,0.47142446,0.13504982,0.3518383,1
210,31873020,포장마차,0.048147235,0.53947246,0.26210085,0.15027943,1
211,31921950,커피한잔할래요,0.007148519,0.56068015,0.42701635,0.005155216,1
212,31929663,내 안부,0.070683464,0.55512905,0.23852658,0.1356608,1
213,31960759,서툰 이별을 하려해 (Feat.전상근),0.034549735,0.6297357,0.29780445,0.03791005,1
214,31969182,BUNGEE (Fall in Love),0.6983929,0.074422054,0.09999619,0.12718879,0
215,31984204,안녕,0.01675702,0.58845466,0.36736324,0.027425127,1
216,32057802,Feel Special,0.6894772,0.06743385,0.16425748,0.078831255,0
217,32125782,LION,0.56371814,0.0095623825,0.41902727,0.0076921387,0
218,32143487,Love poem,0.0560545,0.5748581,0.25627136,0.11281602,1
219,32143735,오늘도 빛나는 너에게 (Lullaby Ver.) (Feat. 이라온),0.055925053,0.4670841,0.11698657,0.3600043,1
220,32183386,Blueming,0.42895645,0.039234277,0.4901804,0.041628826,2
221,32224166,너의 번호를 누르고 (Prod. 영화처럼),0.039256405,0.5097943,0.37938616,0.07156316,1
222,32224272,METEOR,0.20923999,0.08430789,0.6275361,0.07891607,2
223,32273582,Psycho,0.41860637,0.10217549,0.32647938,0.15273863,0
224,32273590,음파음파 (Umpah Umpah),0.6249821,0.040352605,0.28647125,0.048193976,0
225,32298623,너를 사랑하고 있어,0.013073907,0.5953077,0.36626315,0.025355343,1
226,32313543,아무노래,0.31537512,0.013921036,0.6612901,0.0094138095,2
227,32361098,돌덩이,0.5575727,0.20747076,0.12598045,0.10897599,0
228,32381408,FIESTA,0.69151556,0.028187029,0.2495933,0.030703917,0
229,32399822,작은 것들을 위한 시 (Boy With Luv) (Feat. Halsey),0.62369514,0.084021084,0.27044806,0.021835826,0
230,32399825,Dionysus,0.7118934,0.045454994,0.15696353,0.08568811,0
231,32399833,Inner Child,0.31126595,0.20744255,0.23366074,0.24763088,0
232,32399834,친구,0.41830218,0.12074263,0.06417684,0.39677823,0
233,32457751,찐이야,0.9088137,0.00114767,0.02313665,0.06690216,0
234,32473998,좋은 사람 있으면 소개시켜줘,0.018217364,0.54551524,0.4025938,0.033673503,1
235,32486613,처음처럼,0.11673268,0.52032614,0.21183388,0.15110725,1
236,32491274,아로하,0.06973921,0.26236197,0.44326657,0.22463223,2
237,32550316,HOLIDAY,0.019036189,0.2762598,0.6833925,0.02131142,2
238,32578498,에잇(Prod.&Feat. SUGA of BTS),0.4651553,0.1315802,0.20188531,0.20137915,0
239,32646938,깡 Official Remix,0.5677437,0.02721274,0.29690656,0.10813705,0
240,32681306,환상동화 (Secret Story of the Swan),0.5447131,0.072281726,0.36206073,0.020944431,0
241,32720013,How You Like That,0.5278797,0.12284795,0.28836662,0.060905743,0
242,32742995,"어떻게 이별까지 사랑하겠어, 널 사랑하는 거지",0.014753624,0.8060538,0.06154255,0.11765038,1
243,32748910,Monster,0.6084345,0.012981712,0.2970664,0.08151745,0
244,32790288,바다,0.68327856,0.017928183,0.25074062,0.048052642,0
245,32790516,다시 여기 바닷가,0.7618351,0.0017865178,0.115177855,0.12120028,0
246,32794652,취기를 빌려 (취향저격 그녀 X 산들),0.0017982153,0.47000438,0.5279975,0.00019987723,2
247,32812198,Mad at Disney,0.05481693,0.03605089,0.8988458,0.010286436,2
248,32825454,눈누난나 (NUNU NANA),0.4673005,0.03158332,0.31238192,0.18873419,0
249,32830111,버스안에서 2020,0.54962134,0.06560654,0.097334534,0.28743747,0
250,32833393,덤디덤디 (DUMDi DUMDi),0.7763725,0.03232495,0.15872584,0.032576624,0
251,32845859,애상 (From 쿨 썸머 프로젝트),0.5265419,0.008764719,0.44452518,0.020168373,0
252,32846393,아틀란티스 소녀 (Atlantis Princess),0.62408084,0.13204074,0.20246473,0.041413542,0
253,32860397,운전만해 (We Ride),0.27416295,0.06493845,0.6052234,0.055675235,2
254,32866582,테스형!,0.34575704,0.1557175,0.3384321,0.16009338,0
255,32872978,Dynamite,0.43396875,0.06757509,0.4805816,0.017874436,2
256,32907450,숲의 아이 (Bon voyage),0.18386154,0.33767933,0.45351943,0.02493954,2
257,32925441,골리앗,0.07410586,0.12906104,0.7883096,0.00852371,2
258,32936994,홍연,0.05905319,0.61311334,0.23880325,0.089030206,1
259,32961285,우리서로사랑하지는말자,0.042848844,0.3144145,0.5984227,0.044313807,2
260,32961716,Pretty Savage,0.57958025,0.11523561,0.21589872,0.08928535,0
261,32961718,Lovesick Girls,0.64845824,0.15895186,0.062237035,0.13035287,0
262,32986152,Marry Me,0.004340112,0.82135606,0.17134462,0.0029593394,1
263,32998020,소확행,0.62791497,0.06455206,0.2437834,0.063749485,0
264,33061680,광장동에서,0.19984071,0.59172213,0.06551056,0.14292674,1
265,33061995,밤하늘의 별을(2020),0.10065617,0.22903717,0.635842,0.034464743,2
266,33077588,원해 (Feat. 팔로알토) (Prod. 코드 쿤스트),0.22156334,0.10037935,0.6685415,0.0095157195,2
267,33077590,VVS (Feat. JUSTHIS) (Prod. GroovyRoom),0.4677739,0.08819435,0.3311371,0.11289479,0
268,33077591,Freak (Prod. Slom),0.16195741,0.13419251,0.6871732,0.016676975,2
269,33115806,뿌리 (Feat. JUSTHIS) (Prod. GroovyRoom),0.18940853,0.0619546,0.7360037,0.012632972,2
270,33115809,적외선 카메라,0.37433198,0.31031057,0.26752397,0.047833517,0
271,33120545,Panorama,0.8374188,0.05657491,0.07933459,0.026671575,0
272,33150990,"가다 (Feat. 사이먼 도미닉, The Quiett) (Prod. SLO)",0.316166,0.0091349045,0.6537065,0.020992722,2
273,33161306,걱정말아요 그대,0.0062803035,0.54230314,0.4301196,0.021297079,1
274,33193808,한(寒),0.037912384,0.67435056,0.050749645,0.23698759,1
275,33193809,화(火花),0.37059852,0.17318985,0.39251074,0.063700765,2
276,33196773,초혼,0.22785607,0.013746765,0.36598215,0.39241502,3
277,33214206,사랑스러워,0.06465912,0.28067568,0.6373489,0.017316254,2
278,33223214,사임쌓임,0.039340567,0.05344256,0.8997873,0.007429337,2
279,33239419,Celebrity,0.12844521,0.10265134,0.74900275,0.019900432,2
280,33247490,술 한잔 해요,0.038716532,0.35543537,0.57510686,0.030741392,2
281,33248758,추억은 만남보다 이별에 남아,0.04156554,0.5970104,0.14713524,0.21428874,1
282,33333793,멜로디,0.24158564,0.31212705,0.349744,0.09654344,2
283,33333797,그랑프리 (Feat. Beenzino),0.6495454,0.08427704,0.22941095,0.03676645,0
284,33359725,"사이렌 Remix (Feat. UNEDUCATED KID, Paul Blanco)",0.011848267,0.16298048,0.8211848,0.0039865365,2
285,33372787,아이와 나의 바다,0.089541875,0.50438005,0.27365074,0.13242744,1
286,33372788,어푸 (Ah puh),0.06716798,0.083197914,0.8420691,0.00756494,2
287,33397561,ASAP,0.6831203,0.1465243,0.12900564,0.04134993,0
288,33434340,소주 한 잔 (Live ver.),0.05140213,0.58037025,0.21046104,0.15776643,1
289,33458666,응급실 (2021),0.06416822,0.5653651,0.27620953,0.09425709,1
290,33464805,Dun Dun Dance,0.641976,0.029590575,0.2712192,0.057213947,0
291,33480898,신호등,0.16622467,0.22243987,0.4202489,0.19108656,2
292,33487342,Next Level,0.28874114,0.061312333,0.5722568,0.07768962,2
293,33487708,WE GO,0.7058328,0.009946668,0.21828566,0.06593502,0
294,33507137,Butter,0.72252953,0.007544623,0.25528118,0.014644483,0
295,33510307,상상더하기,0.40503412,0.035069082,0.25248957,0.30740732,0
296,33510308,체념,0.009505473,0.76469666,0.20735404,0.018443756,1
297,33559180,Alcohol-Free,0.3547679,0.079482354,0.5175236,0.048226107,2
298,33571535,추적이는 여름 비가 되어,0.09396837,0.25652212,0.20462428,0.44488522,3
299,33580129,봄봄봄,0.030465249,0.532175,0.40695688,0.030402837,1
300,33608401,YOUTH,0.21947584,0.067964576,0.524763,0.18779658,2
301,33623210,Bad Habits,0.3115743,0.19744602,0.4573027,0.03367712,2
302,33655994,Weekend,0.19279166,0.07048883,0.71055734,0.026162358,2
303,33691794,좋아좋아,0.07320835,0.30177963,0.44504535,0.17996669,2
304,33725775,낙하 (with 아이유),0.35394862,0.011572453,0.6274525,0.007026481,2
305,33759183,비가 오는 날엔 (2021),0.0028181586,0.67750406,0.31923953,0.00043823035,1
306,33772329,고백,0.02680182,0.6409708,0.17984311,0.15238413,1
307,33808429,abcdefu,0.32707024,0.17791824,0.35248086,0.14253081,2
308,33847596,Dancing Queen,0.48871434,0.009068661,0.07924254,0.42297444,0
309,33878014,시간을 거슬러 (낮에 뜨는 달 X 케이윌),0.043332703,0.47347742,0.41249606,0.07069372,1
310,33978183,너를 생각해,0.022740578,0.46565917,0.49567848,0.01592178,2
311,33999025,LOCO,0.6755697,0.033836402,0.22132336,0.0692704,0
312,34041584,Savage,0.64870006,0.025747629,0.26584998,0.059702393,0
313,34061322,사랑은 늘 도망가,0.016342971,0.7353112,0.11488072,0.13346496,1
314,34190739,나는 트로트가 싫어요,0.558475,0.06790914,0.29555103,0.07806487,0
315,34298499,리무진 (Feat. MINO) (Prod. GRAY),0.0899932,0.14951935,0.72791976,0.032567844,2
316,34331506,불협화음 (Feat. AKMU) (Prod. GRAY),0.18252045,0.09533171,0.62226003,0.099887766,2
317,34349913,ELEVEN,0.71880245,0.10501197,0.07297717,0.10320842,0
318,34481968,죽을 만큼 아파서 (Feat. JAMIE (제이미)),0.40026194,0.054386634,0.4639278,0.081423804,2
319,34535898,호랑수월가,0.0798513,0.6659663,0.18465912,0.06952321,1
320,34538515,SMILEY (Feat. BIBI),0.52836,0.0027643037,0.3128339,0.15604182,0
321,34626109,INVU,0.2541116,0.14335367,0.5783001,0.024234496,2
322,34754292,TOMBOY,0.49755442,0.020686481,0.43016297,0.0515962,0
323,34772475,Feel My Rhythm,0.5965154,0.1269414,0.043857913,0.23268509,0
324,34787226,내가 아니라도,0.1210756,0.49219245,0.24737704,0.13935506,1
325,34845949,봄여름가을겨울 (Still Life),0.02072211,0.42386383,0.35649988,0.19891414,1
326,34847378,LOVE DIVE,0.6900558,0.0073528243,0.2485787,0.054012638,0
327,34864406,That's Hilarious,0.065009974,0.37741688,0.54808235,0.0094908755,2
328,34875621,LOVE me,0.3446574,0.18977502,0.3084422,0.15712534,0
329,34927767,정이라고 하자 (Feat. 10CM),0.045713615,0.20213711,0.7231875,0.028961599,2
330,34943312,나의 X에게,0.048976816,0.35330248,0.56932074,0.028400049,2
331,34997078,That That (prod. & feat. SUGA of BTS),0.21296516,0.0015786717,0.7811994,0.0042567807,2
332,35005252,VIVA청춘,0.13415253,0.2011003,0.47717452,0.18757279,2
333,35009233,FEARLESS,0.18394214,0.008520564,0.7996854,0.00785173,2
334,35272034,불타오르네 (FIRE),0.69076824,0.059424102,0.1429967,0.10681105,0
335,35272043,DNA,0.45014054,0.1422123,0.2398268,0.1678204,0
336,35333345,POP!,0.8431055,0.0012794726,0.13781856,0.017796699,0
